SalesOrderID,InvoiceID,InvoiceDate,CustID,TerritoryID,ProdID,Quantity,UnitPrice,SubTotal,TotalDue
2679,100635,2017-01-02,12,1,7022,40,895,35800,38542.28
2682,100634,2017-01-02,47,3,6022,30,1699,50970,54851.15
2681,100636,2017-01-03,19,2,7122,45,2785,125325,134837.207
2683,100637,2017-01-03,31,3,5021,30,2479,74370,80039.75
2684,100638,2017-01-03,67,2,7021,40,1643,65720,70710.76
2686,100639,2017-01-03,65,1,7123,10,4888,48880,52582.0
2685,100640,2017-01-04,29,1,6122,40,1104,44160,47533.76
2687,100641,2017-01-04,1,2,7123,45,4888,219960,236591.0
2688,100642,2017-01-04,18,2,5022,15,1742,26130,28129.67
2689,100643,2017-01-05,73,1,7121,10,2730,27300,29385.068
2690,100645,2017-01-05,1,2,6021,50,932,46600,50229.56
2691,100646,2017-01-05,64,5,6122,50,1104,55200,59415.2
2692,100644,2017-01-05,68,1,7122,30,2785,83550,89894.138
2693,100647,2017-01-06,18,2,8121,50,2054,102700,110500.1
2694,100648,2017-01-06,55,3,7021,50,1643,82150,88386.45
2696,100649,2017-01-08,13,1,7123,45,4888,219960,236591.0
2695,100650,2017-01-08,45,4,7123,25,4888,122200,131443.0
2697,100652,2017-01-09,39,5,7123,30,4888,146640,157730.0
2698,100651,2017-01-09,4,3,7122,30,2785,83550,89894.138
2699,100653,2017-01-10,45,4,5021,35,2479,86765,93378.375
2700,100654,2017-01-10,53,5,7031,20,3363,67260,72377.46
2701,100658,2017-01-11,45,4,7021,50,1643,82150,88386.45
2702,100656,2017-01-11,66,2,7021,35,1643,57505,61872.915
2703,100657,2017-01-11,2,3,5022,25,1742,43550,46877.45
2704,100655,2017-01-11,36,1,6121,40,1131,45240,48712.68
2705,100659,2017-01-12,7,1,7121,20,2730,54600,58762.136
2706,100663,2017-01-12,26,4,7031,20,3363,67260,72377.46
2707,100664,2017-01-12,3,5,6121,20,1131,22620,24360.34
2708,100660,2017-01-12,33,1,7031,40,3363,134520,144746.92
2709,100661,2017-01-12,56,2,7022,40,895,35800,38542.28
2710,100662,2017-01-12,44,3,7031,25,3363,84075,90469.825
2713,100667,2017-01-13,3,5,7031,45,3363,151335,162839.285
2714,100668,2017-01-13,3,5,7123,45,4888,219960,236591.0
2711,100666,2017-01-13,4,3,5021,30,2479,74370,80039.75
2712,100665,2017-01-13,58,2,7123,50,4888,244400,262878.0
2715,100669,2017-01-14,12,1,7022,30,895,26850,28908.71
2716,100672,2017-01-14,24,3,8121,40,2054,82160,88401.68
2717,100670,2017-01-14,2,3,8121,15,2054,30810,33155.63
2718,100673,2017-01-14,5,5,7121,10,2730,27300,29385.068
2719,100671,2017-01-14,44,3,7122,30,2785,83550,89894.138
2720,100674,2017-01-14,64,5,6122,30,1104,33120,35652.32
2722,100675,2017-01-15,67,2,6021,25,932,23300,25118.78
2721,100676,2017-01-15,34,5,7123,50,4888,244400,262878.0
2724,100680,2017-01-16,30,3,7121,40,2730,109200,117516.272
2725,100679,2017-01-16,22,3,5022,25,1742,43550,46877.45
2726,100678,2017-01-16,19,2,7021,45,1643,73935,79548.605
2723,100677,2017-01-16,52,2,5022,10,1742,17420,18755.78
2730,100682,2017-01-17,24,3,7021,45,1643,73935,79548.605
2727,100681,2017-01-17,56,2,7121,45,2730,122850,132204.806
2728,100683,2017-01-17,17,3,7123,50,4888,244400,262878.0
2729,100684,2017-01-17,5,5,6122,30,1104,33120,35652.32
2732,100685,2017-01-18,56,2,7021,50,1643,82150,88386.45
2731,100686,2017-01-18,60,4,7021,15,1643,24645,26521.535
2733,100689,2017-01-19,45,4,6121,45,1131,50895,54800.765
2734,100690,2017-01-19,34,5,7123,15,4888,73320,78869.0
2735,100688,2017-01-19,6,2,6021,20,932,18640,20096.624
2736,100687,2017-01-19,40,1,8121,25,2054,51350,55254.05
2737,100691,2017-01-22,65,1,6021,20,932,18640,20096.624
2738,100692,2017-01-22,7,1,6022,35,1699,59465,63991.675
2739,100694,2017-01-22,72,3,6121,15,1131,16965,18272.255
2740,100693,2017-01-22,35,2,7031,20,3363,67260,72377.46
2746,100699,2017-01-23,69,4,8121,35,2054,71890,77352.47
2745,100698,2017-01-23,11,2,7031,40,3363,134520,144746.92
2744,100695,2017-01-23,13,1,8121,10,2054,20540,22106.42
2741,100700,2017-01-23,50,5,7121,15,2730,40950,44073.602
2742,100697,2017-01-23,19,2,8121,20,2054,41080,44204.84
2743,100696,2017-01-23,52,2,8121,15,2054,30810,33155.63
2748,100701,2017-01-25,63,1,6021,25,932,23300,25118.78
2747,100702,2017-01-25,8,2,6122,25,1104,27600,29711.6
2752,100706,2017-01-26,41,5,7022,30,895,26850,28908.71
2751,100705,2017-01-26,26,4,7123,45,4888,219960,236591.0
2750,100704,2017-01-26,11,2,5021,35,2479,86765,93378.375
2749,100703,2017-01-26,14,2,7123,30,4888,146640,157730.0
2753,100709,2017-01-27,46,5,6022,20,1699,33980,36570.1
2754,100708,2017-01-27,2,3,7121,20,2730,54600,58762.136
2755,100707,2017-01-27,27,2,7123,10,4888,48880,52582.0
2756,100710,2017-01-27,53,5,5022,35,1742,60970,65625.23
2760,100713,2017-01-28,30,3,7122,30,2785,83550,89894.138
2759,100714,2017-01-28,9,3,5021,45,2479,111555,120055.625
2757,100712,2017-01-28,20,3,6021,30,932,27960,30140.936
2758,100711,2017-01-28,63,1,5021,40,2479,99160,106717.0
2761,100715,2017-01-29,23,1,7121,40,2730,109200,117516.272
2762,100716,2017-01-29,56,2,7031,10,3363,33630,36192.73
2766,100718,2017-01-30,62,4,8121,40,2054,82160,88401.68
2763,100719,2017-01-30,42,5,7121,20,2730,54600,58762.136
2764,100720,2017-01-30,5,5,8121,50,2054,102700,110500.1
2765,100717,2017-01-30,35,2,8121,20,2054,41080,44204.84
2770,100721,2017-01-31,36,1,7022,40,895,35800,38542.28
2769,100724,2017-01-31,42,5,7022,50,895,44750,48175.85
2767,100722,2017-01-31,66,2,5022,30,1742,52260,56251.34
2768,100723,2017-01-31,55,3,7021,10,1643,16430,17683.69
2771,100726,2017-02-01,45,4,8121,20,2054,41080,44204.84
2772,100725,2017-02-01,67,2,6121,40,1131,45240,48712.68
2773,100727,2017-02-03,27,2,7123,10,4888,48880,52582.0
2774,100730,2017-02-03,64,5,7123,45,4888,219960,236591.0
2775,100728,2017-02-03,56,2,5022,30,1742,52260,56251.34
2776,100729,2017-02-03,22,3,6021,25,932,23300,25118.78
2778,100731,2017-02-04,37,2,7022,15,895,13425,14458.355
2777,100732,2017-02-04,64,5,7021,30,1643,49290,53035.07
2785,100736,2017-02-05,38,1,7123,45,4888,219960,236591.0
2783,100735,2017-02-05,68,1,5021,30,2479,74370,80039.75
2782,100734,2017-02-05,38,1,5022,20,1742,34840,37503.56
2786,100738,2017-02-05,26,4,8121,40,2054,82160,88401.68
2780,100739,2017-02-05,5,5,5022,20,1742,34840,37503.56
2779,100733,2017-02-05,36,1,7121,20,2730,54600,58762.136
2781,100737,2017-02-05,8,2,7122,50,2785,139250,149818.23
2784,100740,2017-02-05,39,5,6022,25,1699,42475,45710.625
2788,100742,2017-02-06,69,4,6021,45,932,41940,45207.404
2787,100741,2017-02-06,40,1,7022,20,895,17900,19275.14
2789,100746,2017-02-07,47,3,5022,30,1742,52260,56251.34
2790,100745,2017-02-07,15,2,7121,20,2730,54600,58762.136
2791,100743,2017-02-07,21,1,7121,40,2730,109200,117516.272
2792,100744,2017-02-07,21,1,5022,45,1742,78390,84373.01
2793,100747,2017-02-08,35,2,8121,40,2054,82160,88401.68
2794,100748,2017-02-08,10,3,6021,25,932,23300,25118.78
2795,100750,2017-02-08,22,3,7031,45,3363,151335,162839.285
2796,100749,2017-02-08,30,3,7031,30,3363,100890,108562.19
2797,100756,2017-02-09,41,5,7031,20,3363,67260,72377.46
2798,100753,2017-02-09,31,3,8121,25,2054,51350,55254.05
2799,100755,2017-02-09,49,4,7121,40,2730,109200,117516.272
2800,100754,2017-02-09,4,3,5022,30,1742,52260,56251.34
2801,100752,2017-02-09,6,2,6121,15,1131,16965,18272.255
2802,100751,2017-02-09,40,1,7021,25,1643,41075,44197.225
2804,100758,2017-02-10,43,2,7022,25,895,22375,24091.925
2803,100757,2017-02-10,19,2,7122,20,2785,55700,59932.092
2805,100760,2017-02-11,43,2,7031,40,3363,134520,144746.92
2806,100759,2017-02-11,71,1,7122,40,2785,111400,119856.184
2807,100764,2017-02-12,41,5,7031,40,3363,134520,144746.92
2808,100761,2017-02-12,6,2,8121,35,2054,71890,77352.47
2809,100762,2017-02-12,72,3,7121,50,2730,136500,146893.34
2810,100763,2017-02-12,3,5,7123,25,4888,122200,131443.0
2811,100765,2017-02-14,13,1,7031,35,3363,117705,126654.555
2812,100766,2017-02-14,28,5,8122,30,1761,52830,56856.026
2813,100768,2017-02-15,44,3,7122,40,2785,111400,119856.184
2814,100769,2017-02-15,45,4,7031,15,3363,50445,54285.095
2815,100770,2017-02-15,69,4,8121,35,2054,71890,77352.47
2816,100767,2017-02-15,11,2,5022,35,1742,60970,65625.23
2821,100774,2017-02-16,22,3,6122,10,1104,11040,11889.44
2820,100771,2017-02-16,57,1,7121,50,2730,136500,146893.34
2822,100773,2017-02-16,54,2,7122,45,2785,125325,134837.207
2818,100772,2017-02-16,6,2,7022,25,895,22375,24091.925
2817,100776,2017-02-16,46,5,8121,45,2054,92430,99450.89
2819,100775,2017-02-16,44,3,7123,15,4888,73320,78869.0
2824,100778,2017-02-19,10,3,7123,35,4888,171080,184017.0
2823,100777,2017-02-19,11,2,7123,50,4888,244400,262878.0
2825,100781,2017-02-21,9,3,5022,40,1742,69680,74999.12
2826,100782,2017-02-21,70,5,5021,10,2479,24790,26685.25
2827,100780,2017-02-21,55,3,7121,20,2730,54600,58762.136
2828,100779,2017-02-21,20,3,7123,10,4888,48880,52582.0
2829,100784,2017-02-24,42,5,7123,45,4888,219960,236591.0
2830,100783,2017-02-24,36,1,7122,35,2785,97475,104875.161
2831,100789,2017-02-25,24,3,7021,40,1643,65720,70710.76
2832,100788,2017-02-25,2,3,7121,15,2730,40950,44073.602
2833,100787,2017-02-25,27,2,7031,30,3363,100890,108562.19
2834,100786,2017-02-25,71,1,5022,30,1742,52260,56251.34
2835,100790,2017-02-25,42,5,7122,35,2785,97475,104875.161
2836,100785,2017-02-25,36,1,7121,15,2730,40950,44073.602
2841,100794,2017-03-01,9,3,7123,40,4888,195520,210304.0
2840,100792,2017-03-01,43,2,7022,45,895,40275,43359.065
2842,100793,2017-03-01,31,3,7121,35,2730,95550,102827.738
2838,100796,2017-03-01,41,5,8122,20,1761,35220,37906.684
2837,100795,2017-03-01,30,3,5021,45,2479,111555,120055.625
2839,100791,2017-03-01,12,1,6122,20,1104,22080,23770.88
2843,100800,2017-03-02,24,3,7122,25,2785,69625,74913.115
2844,100797,2017-03-02,51,1,7122,15,2785,41775,44951.069
2845,100798,2017-03-02,57,1,7121,20,2730,54600,58762.136
2846,100799,2017-03-02,13,1,6121,30,1131,33930,36536.51
2854,100804,2017-03-05,44,3,8121,35,2054,71890,77352.47
2853,100805,2017-03-05,49,4,8122,25,1761,44025,47381.355
2852,100807,2017-03-05,34,5,8121,15,2054,30810,33155.63
2851,100806,2017-03-05,26,4,7021,35,1643,57505,61872.915
2850,100801,2017-03-05,12,1,7031,35,3363,117705,126654.555
2848,100802,2017-03-05,43,2,8121,10,2054,20540,22106.42
2847,100803,2017-03-05,72,3,6021,30,932,27960,30140.936
2849,100808,2017-03-05,61,5,7122,25,2785,69625,74913.115
2855,100810,2017-03-06,30,3,7021,30,1643,49290,53035.07
2856,100811,2017-03-06,20,3,6121,45,1131,50895,54800.765
2857,100809,2017-03-06,52,2,8122,15,1761,26415,28432.013
2858,100812,2017-03-06,2,3,7122,50,2785,139250,149818.23
2862,100813,2017-03-07,65,1,7123,20,4888,97760,105156.0
2861,100816,2017-03-07,60,4,7021,35,1643,57505,61872.915
2859,100814,2017-03-07,8,2,7121,15,2730,40950,44073.602
2860,100815,2017-03-07,47,3,8122,20,1761,35220,37906.684
2863,100817,2017-03-10,13,1,6021,15,932,13980,15074.468
2864,100820,2017-03-10,72,3,7031,35,3363,117705,126654.555
2865,100818,2017-03-10,48,2,7122,10,2785,27850,29970.046
2866,100819,2017-03-10,18,2,7123,40,4888,195520,210304.0
2867,100822,2017-03-11,25,1,6122,40,1104,44160,47533.76
2868,100821,2017-03-11,23,1,8121,25,2054,51350,55254.05
2869,100823,2017-03-12,54,2,8122,30,1761,52830,56856.026
2870,100824,2017-03-12,35,2,7121,35,2730,95550,102827.738
2877,100827,2017-03-13,73,1,6121,30,1131,33930,36536.51
2878,100831,2017-03-13,72,3,5022,50,1742,87100,93746.9
2876,100828,2017-03-13,12,1,6022,45,1699,76455,82272.725
2875,100832,2017-03-13,64,5,8121,50,2054,102700,110500.1
2873,100826,2017-03-13,23,1,6122,20,1104,22080,23770.88
2872,100825,2017-03-13,12,1,7121,15,2730,40950,44073.602
2871,100830,2017-03-13,4,3,7021,20,1643,32860,35359.38
2874,100829,2017-03-13,37,2,8121,30,2054,61620,66303.26
2879,100836,2017-03-14,44,3,8121,35,2054,71890,77352.47
2880,100834,2017-03-14,56,2,6122,45,1104,49680,53474.48
2881,100838,2017-03-14,45,4,7122,20,2785,55700,59932.092
2882,100833,2017-03-14,14,2,6122,30,1104,33120,35652.32
2883,100835,2017-03-14,30,3,7123,20,4888,97760,105156.0
2884,100839,2017-03-14,41,5,6022,15,1699,25485,27429.575
2885,100840,2017-03-14,34,5,6122,30,1104,33120,35652.32
2886,100837,2017-03-14,10,3,7022,40,895,35800,38542.28
2891,100841,2017-03-15,23,1,5021,25,2479,61975,66701.125
2890,100843,2017-03-15,44,3,7022,35,895,31325,33725.495
2892,100846,2017-03-15,46,5,7031,15,3363,50445,54285.095
2888,100844,2017-03-15,72,3,7122,45,2785,125325,134837.207
2887,100842,2017-03-15,37,2,7123,30,4888,146640,157730.0
2889,100845,2017-03-15,49,4,6121,20,1131,22620,24360.34
2896,100847,2017-03-17,35,2,7031,40,3363,134520,144746.92
2895,100850,2017-03-17,64,5,8121,40,2054,82160,88401.68
2894,100849,2017-03-17,50,5,8121,30,2054,61620,66303.26
2893,100848,2017-03-17,22,3,7123,30,4888,146640,157730.0
2897,100851,2017-03-18,57,1,6122,10,1104,11040,11889.44
2898,100852,2017-03-18,13,1,7122,20,2785,55700,59932.092
2899,100853,2017-03-19,26,4,8121,40,2054,82160,88401.68
2900,100854,2017-03-19,26,4,8122,50,1761,88050,94754.71
2901,100856,2017-03-20,31,3,7123,35,4888,171080,184017.0
2902,100855,2017-03-20,36,1,7123,40,4888,195520,210304.0
2903,100857,2017-03-20,24,3,7121,40,2730,109200,117516.272
2904,100858,2017-03-20,62,4,8121,35,2054,71890,77352.47
2905,100859,2017-03-21,59,2,7022,45,895,40275,43359.065
2906,100860,2017-03-21,39,5,7122,15,2785,41775,44951.069
2912,100865,2017-03-22,46,5,7122,10,2785,27850,29970.046
2910,100861,2017-03-22,35,2,8121,10,2054,20540,22106.42
2911,100862,2017-03-22,1,2,8122,25,1761,44025,47381.355
2908,100864,2017-03-22,30,3,8121,25,2054,51350,55254.05
2909,100863,2017-03-22,31,3,6021,20,932,18640,20096.624
2907,100866,2017-03-22,53,5,7022,40,895,35800,38542.28
2917,100868,2017-03-24,43,2,5022,40,1742,69680,74999.12
2916,100867,2017-03-24,15,2,6121,40,1131,45240,48712.68
2918,100871,2017-03-24,17,3,7123,40,4888,195520,210304.0
2914,100870,2017-03-24,2,3,7123,20,4888,97760,105156.0
2913,100872,2017-03-24,5,5,5021,50,2479,123950,133394.25
2915,100869,2017-03-24,37,2,7022,45,895,40275,43359.065
2919,100873,2017-03-25,24,3,7031,15,3363,50445,54285.095
2920,100874,2017-03-25,2,3,7021,40,1643,65720,70710.76
2921,100875,2017-03-25,2,3,7031,40,3363,134520,144746.92
2922,100876,2017-03-25,26,4,7031,35,3363,117705,126654.555
2923,100877,2017-03-26,67,2,7121,30,2730,81900,88139.204
2924,100878,2017-03-26,5,5,7123,45,4888,219960,236591.0
2926,100880,2017-03-27,17,3,7121,50,2730,136500,146893.34
2925,100879,2017-03-27,25,1,7121,10,2730,27300,29385.068
2930,100881,2017-03-28,12,1,7021,20,1643,32860,35359.38
2929,100884,2017-03-28,4,3,7031,10,3363,33630,36192.73
2928,100883,2017-03-28,37,2,7123,30,4888,146640,157730.0
2927,100882,2017-03-28,67,2,6121,25,1131,28275,30448.425
2931,100885,2017-03-29,67,2,7021,45,1643,73935,79548.605
2932,100886,2017-03-29,55,3,8121,40,2054,82160,88401.68
2933,100887,2017-03-30,51,1,8121,10,2054,20540,22106.42
2934,100888,2017-03-30,38,1,7123,30,4888,146640,157730.0
2935,100890,2017-03-31,17,3,7123,20,4888,97760,105156.0
2936,100889,2017-03-31,25,1,7021,45,1643,73935,79548.605
2944,100893,2017-04-01,15,2,7123,25,4888,122200,131443.0
2943,100898,2017-04-01,39,5,5022,50,1742,87100,93746.9
2942,100891,2017-04-01,18,2,8121,20,2054,41080,44204.84
2941,100892,2017-04-01,14,2,7031,25,3363,84075,90469.825
2937,100894,2017-04-01,52,2,6122,30,1104,33120,35652.32
2939,100895,2017-04-01,54,2,7121,35,2730,95550,102827.738
2938,100896,2017-04-01,54,2,5021,45,2479,111555,120055.625
2940,100897,2017-04-01,10,3,7022,25,895,22375,24091.925
2948,100899,2017-04-02,65,1,7123,50,4888,244400,262878.0
2946,100900,2017-04-02,46,5,7122,25,2785,69625,74913.115
2945,100901,2017-04-02,16,5,5022,35,1742,60970,65625.23
2947,100902,2017-04-02,3,5,6121,40,1131,45240,48712.68
2949,100904,2017-04-04,58,2,8121,40,2054,82160,88401.68
2950,100903,2017-04-04,21,1,6021,20,932,18640,20096.624
2951,100905,2017-04-04,42,5,7123,30,4888,146640,157730.0
2952,100906,2017-04-04,3,5,5021,45,2479,111555,120055.625
2953,100907,2017-04-05,17,3,6022,50,1699,84950,91413.25
2954,100908,2017-04-05,60,4,7123,45,4888,219960,236591.0
2955,100910,2017-04-06,63,1,8121,40,2054,82160,88401.68
2956,100914,2017-04-06,24,3,5021,10,2479,24790,26685.25
2957,100912,2017-04-06,14,2,7031,25,3363,84075,90469.825
2958,100909,2017-04-06,36,1,7021,25,1643,41075,44197.225
2959,100913,2017-04-06,43,2,7021,40,1643,65720,70710.76
2960,100911,2017-04-06,51,1,5022,45,1742,78390,84373.01
2961,100915,2017-04-07,56,2,8121,15,2054,30810,33155.63
2962,100916,2017-04-07,37,2,7021,50,1643,82150,88386.45
2963,100917,2017-04-08,56,2,7031,25,3363,84075,90469.825
2964,100918,2017-04-08,16,5,8121,35,2054,71890,77352.47
2970,100921,2017-04-10,4,3,7123,40,4888,195520,210304.0
2969,100923,2017-04-10,3,5,7121,10,2730,27300,29385.068
2968,100920,2017-04-10,22,3,7123,10,4888,48880,52582.0
2967,100919,2017-04-10,37,2,7022,20,895,17900,19275.14
2966,100924,2017-04-10,50,5,7022,15,895,13425,14458.355
2965,100922,2017-04-10,69,4,8121,50,2054,102700,110500.1
2971,100928,2017-04-12,66,2,7021,25,1643,41075,44197.225
2972,100927,2017-04-12,66,2,8121,10,2054,20540,22106.42
2973,100925,2017-04-12,40,1,7021,15,1643,24645,26521.535
2974,100926,2017-04-12,38,1,7021,35,1643,57505,61872.915
2975,100930,2017-04-13,5,5,8121,10,2054,20540,22106.42
2976,100929,2017-04-13,18,2,8121,20,2054,41080,44204.84
2977,100931,2017-04-14,65,1,7122,20,2785,55700,59932.092
2978,100933,2017-04-14,8,2,8121,20,2054,41080,44204.84
2979,100932,2017-04-14,1,2,5021,15,2479,37185,40023.875
2980,100934,2017-04-14,1,2,7021,35,1643,57505,61872.915
2981,100936,2017-04-15,6,2,7123,50,4888,244400,262878.0
2982,100935,2017-04-15,71,1,7123,30,4888,146640,157730.0
2986,100937,2017-04-16,56,2,7122,10,2785,27850,29970.046
2985,100939,2017-04-16,26,4,7031,25,3363,84075,90469.825
2983,100940,2017-04-16,39,5,6021,10,932,9320,10052.312
2984,100938,2017-04-16,27,2,5022,20,1742,34840,37503.56
2987,100944,2017-04-17,19,2,7031,50,3363,168150,180931.65
2988,100941,2017-04-17,7,1,7123,25,4888,122200,131443.0
2989,100945,2017-04-17,17,3,8121,40,2054,82160,88401.68
2990,100943,2017-04-17,15,2,6022,20,1699,33980,36570.1
2991,100942,2017-04-17,73,1,6022,45,1699,76455,82272.725
2992,100946,2017-04-17,31,3,7123,40,4888,195520,210304.0
2994,100948,2017-04-20,3,5,7021,45,1643,73935,79548.605
2993,100947,2017-04-20,66,2,7121,25,2730,68250,73450.67
2995,100950,2017-04-21,8,2,7021,25,1643,41075,44197.225
2996,100952,2017-04-21,64,5,6021,15,932,13980,15074.468
2997,100949,2017-04-21,40,1,8122,15,1761,26415,28432.013
2998,100951,2017-04-21,49,4,8121,30,2054,61620,66303.26
2999,100953,2017-04-22,13,1,7121,40,2730,109200,117516.272
3000,100954,2017-04-22,70,5,7121,40,2730,109200,117516.272
3005,100958,2017-04-25,20,3,7122,45,2785,125325,134837.207
3006,100956,2017-04-25,14,2,7021,45,1643,73935,79548.605
3004,100957,2017-04-25,72,3,5021,30,2479,74370,80039.75
3002,100959,2017-04-25,62,4,8121,40,2054,82160,88401.68
3001,100960,2017-04-25,32,5,7123,50,4888,244400,262878.0
3003,100955,2017-04-25,18,2,5022,20,1742,34840,37503.56
3007,100964,2017-04-26,16,5,7123,25,4888,122200,131443.0
3008,100963,2017-04-26,37,2,5021,45,2479,111555,120055.625
3009,100961,2017-04-26,40,1,7121,40,2730,109200,117516.272
3010,100962,2017-04-26,65,1,7121,40,2730,109200,117516.272
3011,100969,2017-04-27,49,4,7021,15,1643,24645,26521.535
3012,100966,2017-04-27,52,2,6021,35,932,32620,35163.092
3013,100970,2017-04-27,53,5,7123,25,4888,122200,131443.0
3014,100968,2017-04-27,9,3,5021,35,2479,86765,93378.375
3015,100965,2017-04-27,48,2,7021,35,1643,57505,61872.915
3016,100967,2017-04-27,52,2,7121,40,2730,109200,117516.272
3021,100971,2017-04-28,15,2,7123,15,4888,73320,78869.0
3022,100973,2017-04-28,42,5,7121,30,2730,81900,88139.204
3020,100975,2017-04-28,53,5,7123,45,4888,219960,236591.0
3018,100974,2017-04-28,46,5,6122,30,1104,33120,35652.32
3017,100976,2017-04-28,41,5,6021,50,932,46600,50229.56
3019,100972,2017-04-28,18,2,5022,35,1742,60970,65625.23
3023,100978,2017-04-29,44,3,7021,15,1643,24645,26521.535
3024,100977,2017-04-29,19,2,6022,30,1699,50970,54851.15
3025,100980,2017-05-01,28,5,8121,35,2054,71890,77352.47
3026,100979,2017-05-01,51,1,5021,30,2479,74370,80039.75
3027,100981,2017-05-02,25,1,7123,45,4888,219960,236591.0
3028,100984,2017-05-02,16,5,7122,20,2785,55700,59932.092
3029,100983,2017-05-02,20,3,6022,20,1699,33980,36570.1
3030,100982,2017-05-02,10,3,7031,10,3363,33630,36192.73
3035,100989,2017-05-04,22,3,7123,30,4888,146640,157730.0
3034,100985,2017-05-04,36,1,5021,20,2479,49580,53362.5
3036,100990,2017-05-04,42,5,6121,15,1131,16965,18272.255
3032,100987,2017-05-04,56,2,7122,10,2785,27850,29970.046
3031,100988,2017-05-04,54,2,8122,45,1761,79245,85280.039
3033,100986,2017-05-04,29,1,6021,40,932,37280,40185.248
3040,100991,2017-05-05,8,2,7031,25,3363,84075,90469.825
3039,100993,2017-05-05,22,3,8122,40,1761,70440,75805.368
3038,100994,2017-05-05,39,5,7031,35,3363,117705,126654.555
3037,100992,2017-05-05,47,3,7122,15,2785,41775,44951.069
3041,100996,2017-05-06,24,3,7022,10,895,8950,9641.57
3042,100995,2017-05-06,21,1,6021,35,932,32620,35163.092
3043,101000,2017-05-08,5,5,7122,20,2785,55700,59932.092
3044,100997,2017-05-08,23,1,8121,35,2054,71890,77352.47
3045,100998,2017-05-08,43,2,8122,30,1761,52830,56856.026
3046,100999,2017-05-08,17,3,8121,40,2054,82160,88401.68
3054,101006,2017-05-09,55,3,7021,45,1643,73935,79548.605
3053,101004,2017-05-09,14,2,7123,25,4888,122200,131443.0
3052,101002,2017-05-09,38,1,8121,30,2054,61620,66303.26
3051,101001,2017-05-09,12,1,7031,30,3363,100890,108562.19
3048,101005,2017-05-09,17,3,7031,20,3363,67260,72377.46
3049,101003,2017-05-09,48,2,7021,15,1643,24645,26521.535
3047,101007,2017-05-09,69,4,7022,35,895,31325,33725.495
3050,101008,2017-05-09,70,5,7122,50,2785,139250,149818.23
3055,101010,2017-05-10,9,3,8121,10,2054,20540,22106.42
3056,101009,2017-05-10,13,1,8122,20,1761,35220,37906.684
3058,101011,2017-05-11,19,2,8121,40,2054,82160,88401.68
3057,101012,2017-05-11,42,5,8121,15,2054,30810,33155.63
3059,101013,2017-05-12,38,1,6122,10,1104,11040,11889.44
3060,101016,2017-05-12,44,3,7121,15,2730,40950,44073.602
3061,101014,2017-05-12,13,1,5021,20,2479,49580,53362.5
3062,101017,2017-05-12,22,3,6022,25,1699,42475,45710.625
3063,101018,2017-05-12,22,3,8122,45,1761,79245,85280.039
3064,101015,2017-05-12,73,1,7123,45,4888,219960,236591.0
3065,101021,2017-05-13,11,2,7022,45,895,40275,43359.065
3066,101019,2017-05-13,40,1,6122,30,1104,33120,35652.32
3067,101020,2017-05-13,56,2,7022,20,895,17900,19275.14
3068,101022,2017-05-13,69,4,6122,25,1104,27600,29711.6
3069,101023,2017-05-14,13,1,8121,25,2054,51350,55254.05
3070,101025,2017-05-14,70,5,7123,30,4888,146640,157730.0
3071,101026,2017-05-14,3,5,7123,40,4888,195520,210304.0
3072,101024,2017-05-14,20,3,7123,35,4888,171080,184017.0
3079,101034,2017-05-15,42,5,7021,40,1643,65720,70710.76
3075,101030,2017-05-15,44,3,7123,35,4888,171080,184017.0
3080,101031,2017-05-15,20,3,7021,40,1643,65720,70710.76
3078,101027,2017-05-15,51,1,8121,15,2054,30810,33155.63
3073,101028,2017-05-15,21,1,7031,40,3363,134520,144746.92
3076,101032,2017-05-15,72,3,8121,50,2054,102700,110500.1
3074,101029,2017-05-15,58,2,7022,40,895,35800,38542.28
3077,101033,2017-05-15,32,5,7031,30,3363,100890,108562.19
3081,101038,2017-05-17,28,5,8121,15,2054,30810,33155.63
3082,101035,2017-05-17,12,1,7121,25,2730,68250,73450.67
3083,101036,2017-05-17,57,1,6022,40,1699,67960,73132.2
3084,101037,2017-05-17,45,4,5022,30,1742,52260,56251.34
3085,101039,2017-05-18,23,1,6122,20,1104,22080,23770.88
3086,101040,2017-05-18,18,2,6121,25,1131,28275,30448.425
3087,101041,2017-05-18,11,2,7021,45,1643,73935,79548.605
3088,101042,2017-05-18,15,2,7121,50,2730,136500,146893.34
3089,101043,2017-05-20,38,1,8122,20,1761,35220,37906.684
3090,101044,2017-05-20,45,4,5021,30,2479,74370,80039.75
3094,101045,2017-05-21,12,1,8121,30,2054,61620,66303.26
3093,101047,2017-05-21,55,3,7021,15,1643,24645,26521.535
3092,101048,2017-05-21,24,3,6121,50,1131,56550,60888.85
3091,101046,2017-05-21,1,2,5022,35,1742,60970,65625.23
3095,101051,2017-05-22,62,4,5022,35,1742,60970,65625.23
3096,101052,2017-05-22,5,5,6121,20,1131,22620,24360.34
3097,101050,2017-05-22,1,2,7121,45,2730,122850,132204.806
3098,101049,2017-05-22,19,2,7122,20,2785,55700,59932.092
3099,101054,2017-05-24,56,2,6021,15,932,13980,15074.468
3100,101053,2017-05-24,38,1,7022,40,895,35800,38542.28
3101,101056,2017-05-24,48,2,8122,50,1761,88050,94754.71
3102,101055,2017-05-24,27,2,7021,35,1643,57505,61872.915
3106,101060,2017-05-25,70,5,5021,30,2479,74370,80039.75
3103,101057,2017-05-25,43,2,7021,15,1643,24645,26521.535
3104,101058,2017-05-25,52,2,7122,40,2785,111400,119856.184
3105,101059,2017-05-25,26,4,6021,35,932,32620,35163.092
3109,101064,2017-05-27,41,5,5022,45,1742,78390,84373.01
3110,101063,2017-05-27,50,5,7121,30,2730,81900,88139.204
3107,101062,2017-05-27,50,5,6122,30,1104,33120,35652.32
3108,101061,2017-05-27,52,2,5022,15,1742,26130,28129.67
3112,101065,2017-05-28,40,1,7021,20,1643,32860,35359.38
3111,101066,2017-05-28,6,2,6022,25,1699,42475,45710.625
3113,101068,2017-05-29,67,2,7021,35,1643,57505,61872.915
3114,101067,2017-05-29,21,1,7031,45,3363,151335,162839.285
3115,101069,2017-05-31,23,1,7121,30,2730,81900,88139.204
3116,101070,2017-05-31,28,5,8122,15,1761,26415,28432.013
3117,101073,2017-06-01,14,2,7123,25,4888,122200,131443.0
3118,101074,2017-06-01,31,3,8121,15,2054,30810,33155.63
3119,101072,2017-06-01,8,2,7123,10,4888,48880,52582.0
3120,101071,2017-06-01,25,1,5022,25,1742,43550,46877.45
3121,101075,2017-06-01,44,3,6022,25,1699,42475,45710.625
3122,101076,2017-06-01,28,5,7123,40,4888,195520,210304.0
3130,101082,2017-06-02,69,4,7123,25,4888,122200,131443.0
3128,101079,2017-06-02,13,1,6021,30,932,27960,30140.936
3127,101083,2017-06-02,60,4,7021,50,1643,82150,88386.45
3129,101081,2017-06-02,19,2,7123,15,4888,73320,78869.0
3125,101080,2017-06-02,13,1,7021,35,1643,57505,61872.915
3124,101078,2017-06-02,36,1,7031,20,3363,67260,72377.46
3123,101084,2017-06-02,50,5,7121,25,2730,68250,73450.67
3126,101077,2017-06-02,12,1,7121,15,2730,40950,44073.602
3131,101088,2017-06-03,50,5,7123,45,4888,219960,236591.0
3132,101085,2017-06-03,51,1,8121,20,2054,41080,44204.84
3133,101086,2017-06-03,19,2,7121,20,2730,54600,58762.136
3134,101087,2017-06-03,49,4,8122,15,1761,26415,28432.013
3143,101097,2017-06-05,45,4,5022,45,1742,78390,84373.01
3142,101091,2017-06-05,8,2,7123,30,4888,146640,157730.0
3141,101089,2017-06-05,68,1,7021,35,1643,57505,61872.915
3140,101094,2017-06-05,20,3,7021,35,1643,57505,61872.915
3136,101093,2017-06-05,59,2,6122,40,1104,44160,47533.76
3138,101090,2017-06-05,18,2,7123,25,4888,122200,131443.0
3137,101098,2017-06-05,32,5,7031,35,3363,117705,126654.555
3135,101096,2017-06-05,45,4,8121,25,2054,51350,55254.05
3144,101095,2017-06-05,26,4,5022,10,1742,17420,18755.78
3139,101092,2017-06-05,58,2,7022,40,895,35800,38542.28
3148,101099,2017-06-06,66,2,7123,50,4888,244400,262878.0
3147,101101,2017-06-06,49,4,7031,15,3363,50445,54285.095
3145,101100,2017-06-06,24,3,5022,25,1742,43550,46877.45
3146,101102,2017-06-06,45,4,6121,50,1131,56550,60888.85
3149,101104,2017-06-07,20,3,7123,45,4888,219960,236591.0
3150,101103,2017-06-07,68,1,7031,20,3363,67260,72377.46
3151,101107,2017-06-08,24,3,7031,40,3363,134520,144746.92
3152,101108,2017-06-08,50,5,7031,20,3363,67260,72377.46
3153,101105,2017-06-08,56,2,7031,40,3363,134520,144746.92
3154,101106,2017-06-08,30,3,6122,15,1104,16560,17830.16
3156,101112,2017-06-09,22,3,7121,30,2730,81900,88139.204
3155,101111,2017-06-09,22,3,7123,25,4888,122200,131443.0
3157,101110,2017-06-09,14,2,7121,50,2730,136500,146893.34
3158,101109,2017-06-09,38,1,7123,20,4888,97760,105156.0
3162,101113,2017-06-10,65,1,7021,35,1643,57505,61872.915
3161,101115,2017-06-10,56,2,7022,15,895,13425,14458.355
3159,101116,2017-06-10,67,2,5021,25,2479,61975,66701.125
3160,101114,2017-06-10,57,1,6022,40,1699,67960,73132.2
3168,101122,2017-06-12,41,5,7021,15,1643,24645,26521.535
3167,101117,2017-06-12,23,1,7022,30,895,26850,28908.71
3166,101119,2017-06-12,27,2,5022,30,1742,52260,56251.34
3164,101121,2017-06-12,45,4,7021,15,1643,24645,26521.535
3163,101120,2017-06-12,47,3,7021,25,1643,41075,44197.225
3165,101118,2017-06-12,14,2,6022,25,1699,42475,45710.625
3169,101124,2017-06-13,35,2,8121,40,2054,82160,88401.68
3170,101123,2017-06-13,29,1,7121,30,2730,81900,88139.204
3171,101128,2017-06-14,28,5,6021,45,932,41940,45207.404
3172,101127,2017-06-14,72,3,8122,20,1761,35220,37906.684
3173,101125,2017-06-14,52,2,6022,25,1699,42475,45710.625
3174,101126,2017-06-14,20,3,7123,20,4888,97760,105156.0
3179,101134,2017-06-16,46,5,7031,50,3363,168150,180931.65
3178,101131,2017-06-16,15,2,6022,50,1699,84950,91413.25
3180,101133,2017-06-16,62,4,7121,15,2730,40950,44073.602
3176,101129,2017-06-16,7,1,7123,10,4888,48880,52582.0
3175,101132,2017-06-16,24,3,7022,35,895,31325,33725.495
3177,101130,2017-06-16,65,1,7031,25,3363,84075,90469.825
3184,101136,2017-06-18,58,2,7122,20,2785,55700,59932.092
3183,101137,2017-06-18,17,3,7021,30,1643,49290,53035.07
3182,101135,2017-06-18,71,1,7022,30,895,26850,28908.71
3181,101138,2017-06-18,16,5,5022,40,1742,69680,74999.12
3185,101140,2017-06-20,22,3,7123,30,4888,146640,157730.0
3186,101139,2017-06-20,14,2,7123,45,4888,219960,236591.0
3187,101142,2017-06-21,59,2,7022,40,895,35800,38542.28
3188,101144,2017-06-21,9,3,7021,10,1643,16430,17683.69
3189,101143,2017-06-21,18,2,7031,45,3363,151335,162839.285
3190,101141,2017-06-21,23,1,7021,50,1643,82150,88386.45
3198,101150,2017-06-22,61,5,7031,10,3363,33630,36192.73
3197,101147,2017-06-22,2,3,7122,20,2785,55700,59932.092
3196,101148,2017-06-22,60,4,8121,25,2054,51350,55254.05
3195,101151,2017-06-22,16,5,7121,30,2730,81900,88139.204
3191,101146,2017-06-22,27,2,8121,45,2054,92430,99450.89
3193,101149,2017-06-22,60,4,7031,50,3363,168150,180931.65
3192,101152,2017-06-22,28,5,7121,50,2730,136500,146893.34
3194,101145,2017-06-22,15,2,7123,30,4888,146640,157730.0
3202,101153,2017-06-24,4,3,7021,25,1643,41075,44197.225
3201,101156,2017-06-24,28,5,7031,10,3363,33630,36192.73
3199,101155,2017-06-24,60,4,7123,30,4888,146640,157730.0
3200,101154,2017-06-24,17,3,7121,25,2730,68250,73450.67
3203,101160,2017-06-25,65,1,7022,40,895,35800,38542.28
3204,101158,2017-06-25,71,1,6021,15,932,13980,15074.468
3205,101162,2017-06-25,50,5,7123,25,4888,122200,131443.0
3206,101157,2017-06-25,33,1,7123,10,4888,48880,52582.0
3207,101159,2017-06-25,12,1,7022,40,895,35800,38542.28
3208,101161,2017-06-25,19,2,7122,45,2785,125325,134837.207
3209,101164,2017-06-26,47,3,6022,30,1699,50970,54851.15
3210,101163,2017-06-26,31,3,5021,30,2479,74370,80039.75
3214,101168,2017-06-27,1,2,7123,45,4888,219960,236591.0
3211,101167,2017-06-27,67,2,7021,40,1643,65720,70710.76
3212,101166,2017-06-27,29,1,6122,40,1104,44160,47533.76
3213,101165,2017-06-27,65,1,7123,10,4888,48880,52582.0
3218,101171,2017-06-29,47,3,8121,40,2054,82160,88401.68
3217,101169,2017-06-29,12,1,7121,10,2730,27300,29385.068
3215,101170,2017-06-29,18,2,5022,15,1742,26130,28129.67
3216,101172,2017-06-29,61,5,7022,50,895,44750,48175.85
3219,101173,2017-06-30,51,1,7121,45,2730,122850,132204.806
3220,101174,2017-06-30,63,1,6121,50,1131,56550,60888.85
3221,101175,2017-06-30,15,2,5022,15,1742,26130,28129.67
3222,101176,2017-06-30,2,3,8121,40,2054,82160,88401.68
3226,101180,2017-07-01,48,2,7021,45,1643,73935,79548.605
3223,101179,2017-07-01,18,2,5021,10,2479,24790,26685.25
3224,101177,2017-07-01,65,1,7121,30,2730,81900,88139.204
3225,101178,2017-07-01,33,1,5022,40,1742,69680,74999.12
3231,101185,2017-07-03,5,5,5021,40,2479,99160,106717.0
3230,101182,2017-07-03,1,2,8121,25,2054,51350,55254.05
3232,101183,2017-07-03,47,3,7021,20,1643,32860,35359.38
3228,101186,2017-07-03,5,5,7121,45,2730,122850,132204.806
3227,101181,2017-07-03,40,1,7031,20,3363,67260,72377.46
3229,101184,2017-07-03,50,5,8121,25,2054,51350,55254.05
3238,101189,2017-07-04,19,2,8121,30,2054,61620,66303.26
3237,101187,2017-07-04,19,2,6121,10,1131,11310,12184.17
3236,101190,2017-07-04,30,3,5022,30,1742,52260,56251.34
3234,101188,2017-07-04,19,2,7121,20,2730,54600,58762.136
3233,101191,2017-07-04,30,3,6121,45,1131,50895,54800.765
3235,101192,2017-07-04,64,5,7031,40,3363,134520,144746.92
3239,101194,2017-07-06,73,1,7122,25,2785,69625,74913.115
3240,101193,2017-07-06,57,1,7123,25,4888,122200,131443.0
3241,101196,2017-07-09,3,5,7121,25,2730,68250,73450.67
3242,101195,2017-07-09,39,5,7022,15,895,13425,14458.355
3243,101197,2017-07-10,1,2,7031,40,3363,134520,144746.92
3244,101198,2017-07-10,20,3,8121,30,2054,61620,66303.26
3247,101200,2017-07-11,20,3,8121,25,2054,51350,55254.05
3245,101202,2017-07-11,70,5,7021,20,1643,32860,35359.38
3246,101201,2017-07-11,47,3,5022,35,1742,60970,65625.23
3248,101199,2017-07-11,7,1,7031,15,3363,50445,54285.095
3250,101204,2017-07-12,16,5,7123,25,4888,122200,131443.0
3249,101203,2017-07-12,71,1,7122,35,2785,97475,104875.161
3252,101205,2017-07-13,21,1,7122,35,2785,97475,104875.161
3253,101206,2017-07-13,67,2,6122,20,1104,22080,23770.88
3251,101208,2017-07-13,3,5,7121,20,2730,54600,58762.136
3254,101207,2017-07-13,49,4,6121,40,1131,45240,48712.68
3255,101209,2017-07-14,44,3,8121,15,2054,30810,33155.63
3256,101210,2017-07-14,61,5,6122,30,1104,33120,35652.32
3258,101212,2017-07-15,31,3,6022,10,1699,16990,18289.05
3257,101211,2017-07-15,56,2,8121,30,2054,61620,66303.26
3259,101213,2017-07-16,63,1,8122,50,1761,88050,94754.71
3260,101214,2017-07-16,32,5,6022,15,1699,25485,27429.575
3261,101218,2017-07-18,34,5,7122,15,2785,41775,44951.069
3262,101216,2017-07-18,67,2,7121,25,2730,68250,73450.67
3263,101215,2017-07-18,71,1,7123,20,4888,97760,105156.0
3264,101217,2017-07-18,27,2,8121,30,2054,61620,66303.26
3265,101220,2017-07-18,5,5,6121,45,1131,50895,54800.765
3266,101219,2017-07-18,41,5,7021,20,1643,32860,35359.38
3270,101223,2017-07-20,14,2,7121,30,2730,81900,88139.204
3269,101222,2017-07-20,14,2,7022,20,895,17900,19275.14
3267,101221,2017-07-20,29,1,7123,35,4888,171080,184017.0
3268,101224,2017-07-20,62,4,6022,15,1699,25485,27429.575
3271,101226,2017-07-21,69,4,7021,45,1643,73935,79548.605
3272,101225,2017-07-21,63,1,5021,20,2479,49580,53362.5
3273,101228,2017-07-23,59,2,8122,40,1761,70440,75805.368
3274,101227,2017-07-23,6,2,7021,30,1643,49290,53035.07
3279,101232,2017-07-24,22,3,7022,15,895,13425,14458.355
3280,101231,2017-07-24,48,2,7122,45,2785,125325,134837.207
3278,101230,2017-07-24,37,2,7031,45,3363,151335,162839.285
3275,101229,2017-07-24,33,1,6122,20,1104,22080,23770.88
3276,101233,2017-07-24,4,3,7123,20,4888,97760,105156.0
3277,101234,2017-07-24,22,3,8121,50,2054,102700,110500.1
3281,101236,2017-07-26,5,5,7031,35,3363,117705,126654.555
3282,101235,2017-07-26,50,5,7022,30,895,26850,28908.71
3283,101240,2017-07-27,64,5,7123,40,4888,195520,210304.0
3284,101242,2017-07-27,34,5,6021,50,932,46600,50229.56
3285,101239,2017-07-27,56,2,7122,50,2785,139250,149818.23
3286,101237,2017-07-27,51,1,7121,10,2730,27300,29385.068
3287,101241,2017-07-27,41,5,7122,45,2785,125325,134837.207
3288,101238,2017-07-27,48,2,8122,50,1761,88050,94754.71
3292,101246,2017-07-28,69,4,7122,40,2785,111400,119856.184
3289,101243,2017-07-28,63,1,8122,30,1761,52830,56856.026
3290,101245,2017-07-28,19,2,7123,40,4888,195520,210304.0
3291,101244,2017-07-28,66,2,8121,25,2054,51350,55254.05
3294,101247,2017-07-30,40,1,7123,30,4888,146640,157730.0
3293,101248,2017-07-30,37,2,7021,35,1643,57505,61872.915
3295,101249,2017-07-31,63,1,7123,25,4888,122200,131443.0
3296,101250,2017-07-31,34,5,5021,35,2479,86765,93378.375
3297,101252,2017-08-01,2,3,7123,30,4888,146640,157730.0
3298,101251,2017-08-01,33,1,6122,50,1104,55200,59415.2
3299,101253,2017-08-01,61,5,7123,15,4888,73320,78869.0
3300,101254,2017-08-01,46,5,6121,25,1131,28275,30448.425
3301,101255,2017-08-02,53,5,8121,15,2054,30810,33155.63
3302,101256,2017-08-02,34,5,6021,20,932,18640,20096.624
3308,101259,2017-08-03,10,3,7022,35,895,31325,33725.495
3307,101258,2017-08-03,56,2,7123,30,4888,146640,157730.0
3306,101261,2017-08-03,22,3,7123,50,4888,244400,262878.0
3304,101257,2017-08-03,33,1,7123,35,4888,171080,184017.0
3303,101260,2017-08-03,9,3,7122,50,2785,139250,149818.23
3305,101262,2017-08-03,26,4,7022,15,895,13425,14458.355
3309,101263,2017-08-04,23,1,5021,25,2479,61975,66701.125
3310,101264,2017-08-04,58,2,7031,30,3363,100890,108562.19
3315,101269,2017-08-05,50,5,7031,30,3363,100890,108562.19
3316,101266,2017-08-05,44,3,8122,10,1761,17610,18957.342
3314,101268,2017-08-05,60,4,8122,40,1761,70440,75805.368
3312,101265,2017-08-05,19,2,7021,35,1643,57505,61872.915
3311,101270,2017-08-05,64,5,7021,45,1643,73935,79548.605
3313,101267,2017-08-05,49,4,7031,35,3363,117705,126654.555
3317,101276,2017-08-07,61,5,5022,30,1742,52260,56251.34
3318,101272,2017-08-07,52,2,7123,20,4888,97760,105156.0
3319,101275,2017-08-07,34,5,7021,20,1643,32860,35359.38
3320,101274,2017-08-07,46,5,7122,10,2785,27850,29970.046
3321,101271,2017-08-07,36,1,7123,40,4888,195520,210304.0
3322,101273,2017-08-07,22,3,8121,20,2054,41080,44204.84
3323,101279,2017-08-08,28,5,7122,10,2785,27850,29970.046
3324,101280,2017-08-08,3,5,7022,15,895,13425,14458.355
3325,101278,2017-08-08,35,2,6121,35,1131,39585,42624.595
3326,101277,2017-08-08,65,1,7123,35,4888,171080,184017.0
3331,101282,2017-08-09,38,1,8121,35,2054,71890,77352.47
3332,101286,2017-08-09,64,5,8121,25,2054,51350,55254.05
3330,101281,2017-08-09,25,1,7122,15,2785,41775,44951.069
3329,101285,2017-08-09,16,5,7031,15,3363,50445,54285.095
3328,101284,2017-08-09,37,2,7121,50,2730,136500,146893.34
3327,101283,2017-08-09,6,2,7123,40,4888,195520,210304.0
3333,101287,2017-08-10,13,1,8121,40,2054,82160,88401.68
3334,101288,2017-08-10,43,2,7021,20,1643,32860,35359.38
3335,101289,2017-08-11,13,1,7031,40,3363,134520,144746.92
3336,101292,2017-08-11,62,4,7122,30,2785,83550,89894.138
3337,101290,2017-08-11,36,1,6122,45,1104,49680,53474.48
3338,101291,2017-08-11,37,2,6021,35,932,32620,35163.092
3340,101294,2017-08-12,60,4,7121,35,2730,95550,102827.738
3339,101293,2017-08-12,14,2,5021,35,2479,86765,93378.375
3341,101296,2017-08-13,44,3,7123,45,4888,219960,236591.0
3342,101295,2017-08-13,38,1,8121,35,2054,71890,77352.47
3343,101297,2017-08-14,7,1,7123,25,4888,122200,131443.0
3344,101300,2017-08-14,50,5,7031,10,3363,33630,36192.73
3345,101299,2017-08-14,14,2,7022,40,895,35800,38542.28
3346,101298,2017-08-14,19,2,8121,35,2054,71890,77352.47
3348,101302,2017-08-15,42,5,8121,20,2054,41080,44204.84
3347,101301,2017-08-15,56,2,6022,25,1699,42475,45710.625
3349,101303,2017-08-17,7,1,7121,40,2730,109200,117516.272
3350,101304,2017-08-17,26,4,7122,45,2785,125325,134837.207
3351,101308,2017-08-18,17,3,7022,25,895,22375,24091.925
3352,101306,2017-08-18,67,2,7121,25,2730,68250,73450.67
3353,101305,2017-08-18,65,1,8121,15,2054,30810,33155.63
3354,101307,2017-08-18,15,2,7021,50,1643,82150,88386.45
3355,101311,2017-08-19,27,2,7031,35,3363,117705,126654.555
3356,101312,2017-08-19,48,2,5022,35,1742,60970,65625.23
3357,101313,2017-08-19,48,2,8122,50,1761,88050,94754.71
3358,101310,2017-08-19,65,1,7123,25,4888,122200,131443.0
3359,101314,2017-08-19,61,5,7021,40,1643,65720,70710.76
3360,101309,2017-08-19,21,1,7123,15,4888,73320,78869.0
3370,101317,2017-08-20,66,2,6022,20,1699,33980,36570.1
3369,101323,2017-08-20,34,5,7121,10,2730,27300,29385.068
3368,101315,2017-08-20,65,1,6022,25,1699,42475,45710.625
3367,101318,2017-08-20,54,2,6121,40,1131,45240,48712.68
3366,101321,2017-08-20,45,4,5022,20,1742,34840,37503.56
3364,101324,2017-08-20,32,5,8122,15,1761,26415,28432.013
3363,101319,2017-08-20,24,3,6021,20,932,18640,20096.624
3362,101320,2017-08-20,10,3,7122,35,2785,97475,104875.161
3361,101316,2017-08-20,25,1,8121,45,2054,92430,99450.89
3365,101322,2017-08-20,26,4,7123,25,4888,122200,131443.0
3371,101325,2017-08-21,38,1,6122,35,1104,38640,41593.04
3372,101326,2017-08-21,35,2,7021,15,1643,24645,26521.535
3373,101328,2017-08-22,58,2,7121,35,2730,95550,102827.738
3374,101327,2017-08-22,65,1,5022,45,1742,78390,84373.01
3375,101330,2017-08-23,33,1,7121,45,2730,122850,132204.806
3376,101329,2017-08-23,38,1,7022,35,895,31325,33725.495
3377,101333,2017-08-23,67,2,8121,20,2054,41080,44204.84
3378,101334,2017-08-23,15,2,8121,45,2054,92430,99450.89
3379,101331,2017-08-23,68,1,7122,50,2785,139250,149818.23
3380,101332,2017-08-23,52,2,7022,10,895,8950,9641.57
3382,101336,2017-08-24,34,5,7123,10,4888,48880,52582.0
3381,101335,2017-08-24,25,1,6121,25,1131,28275,30448.425
3386,101338,2017-08-25,37,2,8122,45,1761,79245,85280.039
3385,101339,2017-08-25,54,2,7123,50,4888,244400,262878.0
3383,101337,2017-08-25,23,1,6022,15,1699,25485,27429.575
3384,101340,2017-08-25,22,3,5022,30,1742,52260,56251.34
3387,101342,2017-08-26,56,2,7123,25,4888,122200,131443.0
3388,101341,2017-08-26,71,1,6022,50,1699,84950,91413.25
3389,101344,2017-08-27,56,2,7021,10,1643,16430,17683.69
3390,101343,2017-08-27,36,1,8122,20,1761,35220,37906.684
3391,101345,2017-08-27,10,3,7123,25,4888,122200,131443.0
3392,101346,2017-08-27,62,4,7022,45,895,40275,43359.065
3393,101348,2017-08-28,6,2,8122,20,1761,35220,37906.684
3394,101350,2017-08-28,39,5,6022,20,1699,33980,36570.1
3395,101349,2017-08-28,20,3,7022,35,895,31325,33725.495
3396,101347,2017-08-28,14,2,7121,15,2730,40950,44073.602
3397,101352,2017-08-29,27,2,7022,20,895,17900,19275.14
3398,101351,2017-08-29,40,1,6021,20,932,18640,20096.624
3403,101358,2017-08-30,3,5,7123,30,4888,146640,157730.0
3404,101354,2017-08-30,33,1,7022,35,895,31325,33725.495
3401,101355,2017-08-30,68,1,6022,50,1699,84950,91413.25
3399,101356,2017-08-30,8,2,5022,10,1742,17420,18755.78
3400,101357,2017-08-30,37,2,6121,25,1131,28275,30448.425
3402,101353,2017-08-30,33,1,8122,25,1761,44025,47381.355
3405,101359,2017-09-01,51,1,7121,45,2730,122850,132204.806
3406,101362,2017-09-01,64,5,5022,35,1742,60970,65625.23
3407,101360,2017-09-01,56,2,7121,30,2730,81900,88139.204
3408,101361,2017-09-01,18,2,7123,45,4888,219960,236591.0
3409,101364,2017-09-02,64,5,7123,25,4888,122200,131443.0
3410,101363,2017-09-02,14,2,7123,40,4888,195520,210304.0
3411,101367,2017-09-03,31,3,7021,20,1643,32860,35359.38
3412,101366,2017-09-03,20,3,6021,15,932,13980,15074.468
3413,101368,2017-09-03,5,5,8122,25,1761,44025,47381.355
3414,101365,2017-09-03,27,2,7121,40,2730,109200,117516.272
3420,101371,2017-09-04,22,3,8121,20,2054,41080,44204.84
3419,101372,2017-09-04,47,3,7021,30,1643,49290,53035.07
3418,101370,2017-09-04,13,1,7021,40,1643,65720,70710.76
3416,101369,2017-09-04,29,1,5021,20,2479,49580,53362.5
3415,101374,2017-09-04,41,5,5022,40,1742,69680,74999.12
3417,101373,2017-09-04,69,4,8121,30,2054,61620,66303.26
3421,101376,2017-09-05,30,3,5021,20,2479,49580,53362.5
3422,101375,2017-09-05,63,1,7121,25,2730,68250,73450.67
3423,101377,2017-09-06,36,1,5021,40,2479,99160,106717.0
3424,101378,2017-09-06,55,3,8122,40,1761,70440,75805.368
3426,101382,2017-09-07,70,5,7031,45,3363,151335,162839.285
3425,101381,2017-09-07,26,4,8122,30,1761,52830,56856.026
3427,101379,2017-09-07,10,3,7123,30,4888,146640,157730.0
3428,101380,2017-09-07,55,3,8121,30,2054,61620,66303.26
3429,101383,2017-09-08,18,2,7022,50,895,44750,48175.85
3430,101384,2017-09-08,72,3,7123,35,4888,171080,184017.0
3431,101386,2017-09-08,16,5,7123,10,4888,48880,52582.0
3432,101385,2017-09-08,45,4,7031,30,3363,100890,108562.19
3437,101388,2017-09-11,6,2,7123,35,4888,171080,184017.0
3436,101389,2017-09-11,43,2,8121,40,2054,82160,88401.68
3438,101392,2017-09-11,5,5,7022,50,895,44750,48175.85
3434,101387,2017-09-11,40,1,5021,15,2479,37185,40023.875
3435,101390,2017-09-11,24,3,7021,50,1643,82150,88386.45
3433,101391,2017-09-11,49,4,7121,10,2730,27300,29385.068
3439,101394,2017-09-12,42,5,5021,45,2479,111555,120055.625
3440,101393,2017-09-12,50,5,7031,15,3363,50445,54285.095
3441,101396,2017-09-14,71,1,8121,45,2054,92430,99450.89
3442,101395,2017-09-14,13,1,6021,10,932,9320,10052.312
3443,101398,2017-09-15,55,3,6021,40,932,37280,40185.248
3444,101397,2017-09-15,72,3,7122,20,2785,55700,59932.092
3445,101400,2017-09-16,45,4,7031,15,3363,50445,54285.095
3446,101399,2017-09-16,21,1,7031,40,3363,134520,144746.92
3447,101402,2017-09-17,1,2,6121,35,1131,39585,42624.595
3448,101403,2017-09-17,27,2,7022,45,895,40275,43359.065
3449,101401,2017-09-17,43,2,5021,15,2479,37185,40023.875
3450,101404,2017-09-17,53,5,7123,30,4888,146640,157730.0
3456,101409,2017-09-18,49,4,7022,10,895,8950,9641.57
3455,101410,2017-09-18,69,4,8121,30,2054,61620,66303.26
3454,101408,2017-09-18,58,2,7123,30,4888,146640,157730.0
3452,101405,2017-09-18,29,1,5021,35,2479,86765,93378.375
3451,101406,2017-09-18,21,1,7022,50,895,44750,48175.85
3453,101407,2017-09-18,8,2,6021,15,932,13980,15074.468
3457,101414,2017-09-19,2,3,7022,30,895,26850,28908.71
3458,101415,2017-09-19,4,3,7022,50,895,44750,48175.85
3459,101412,2017-09-19,35,2,7022,25,895,22375,24091.925
3460,101411,2017-09-19,57,1,7121,30,2730,81900,88139.204
3461,101416,2017-09-19,22,3,8121,50,2054,102700,110500.1
3462,101413,2017-09-19,11,2,6122,30,1104,33120,35652.32
3464,101418,2017-09-20,50,5,8121,25,2054,51350,55254.05
3463,101417,2017-09-20,73,1,7122,20,2785,55700,59932.092
3465,101420,2017-09-21,72,3,6021,40,932,37280,40185.248
3466,101419,2017-09-21,63,1,7122,20,2785,55700,59932.092
3467,101422,2017-09-22,42,5,6121,15,1131,16965,18272.255
3468,101421,2017-09-22,8,2,7123,50,4888,244400,262878.0
3469,101423,2017-09-23,48,2,8122,50,1761,88050,94754.71
3470,101424,2017-09-23,20,3,7123,15,4888,73320,78869.0
3476,101430,2017-09-24,70,5,7123,40,4888,195520,210304.0
3475,101427,2017-09-24,58,2,8121,30,2054,61620,66303.26
3474,101429,2017-09-24,55,3,5022,40,1742,69680,74999.12
3471,101425,2017-09-24,71,1,7123,20,4888,97760,105156.0
3472,101426,2017-09-24,52,2,7122,20,2785,55700,59932.092
3473,101428,2017-09-24,18,2,7021,35,1643,57505,61872.915
3483,101432,2017-09-25,25,1,6021,45,932,41940,45207.404
3482,101438,2017-09-25,20,3,7022,50,895,44750,48175.85
3481,101437,2017-09-25,31,3,6121,45,1131,50895,54800.765
3484,101436,2017-09-25,22,3,7122,15,2785,41775,44951.069
3479,101435,2017-09-25,10,3,8121,15,2054,30810,33155.63
3478,101431,2017-09-25,73,1,8121,25,2054,51350,55254.05
3477,101433,2017-09-25,59,2,7022,20,895,17900,19275.14
3480,101434,2017-09-25,56,2,6022,35,1699,59465,63991.675
3485,101441,2017-09-26,37,2,7123,20,4888,97760,105156.0
3486,101439,2017-09-26,6,2,7123,10,4888,48880,52582.0
3487,101440,2017-09-26,43,2,6022,10,1699,16990,18289.05
3488,101442,2017-09-26,20,3,7121,30,2730,81900,88139.204
3489,101444,2017-09-27,26,4,7031,10,3363,33630,36192.73
3490,101443,2017-09-27,6,2,6022,30,1699,50970,54851.15
3496,101449,2017-09-28,51,1,6022,45,1699,76455,82272.725
3498,101445,2017-09-28,38,1,5021,15,2479,37185,40023.875
3497,101451,2017-09-28,24,3,6122,30,1104,33120,35652.32
3495,101446,2017-09-28,65,1,6021,15,932,13980,15074.468
3492,101447,2017-09-28,33,1,6022,40,1699,67960,73132.2
3493,101448,2017-09-28,65,1,7122,40,2785,111400,119856.184
3491,101452,2017-09-28,50,5,6022,40,1699,67960,73132.2
3494,101450,2017-09-28,37,2,7022,30,895,26850,28908.71
3499,101454,2017-09-29,19,2,6021,30,932,27960,30140.936
3500,101455,2017-09-29,43,2,7121,50,2730,136500,146893.34
3501,101453,2017-09-29,23,1,7123,15,4888,73320,78869.0
3502,101456,2017-09-29,49,4,6021,25,932,23300,25118.78
3503,101457,2017-09-30,52,2,7022,35,895,31325,33725.495
3504,101458,2017-09-30,20,3,7022,30,895,26850,28908.71
3505,101459,2017-10-02,44,3,6021,25,932,23300,25118.78
3506,101460,2017-10-02,64,5,8122,45,1761,79245,85280.039
3511,101462,2017-10-04,57,1,7031,35,3363,117705,126654.555
3512,101466,2017-10-04,46,5,7123,30,4888,146640,157730.0
3510,101463,2017-10-04,15,2,8121,30,2054,61620,66303.26
3507,101465,2017-10-04,32,5,7122,25,2785,69625,74913.115
3508,101464,2017-10-04,52,2,8121,50,2054,102700,110500.1
3509,101461,2017-10-04,68,1,8121,20,2054,41080,44204.84
3513,101469,2017-10-05,37,2,7121,25,2730,68250,73450.67
3514,101470,2017-10-05,52,2,8121,50,2054,102700,110500.1
3515,101467,2017-10-05,25,1,6021,20,932,18640,20096.624
3516,101468,2017-10-05,73,1,6122,40,1104,44160,47533.76
3520,101474,2017-10-07,16,5,8122,50,1761,88050,94754.71
3519,101472,2017-10-07,47,3,7022,45,895,40275,43359.065
3517,101471,2017-10-07,40,1,7122,30,2785,83550,89894.138
3518,101473,2017-10-07,39,5,6021,25,932,23300,25118.78
3521,101476,2017-10-08,1,2,5021,50,2479,123950,133394.25
3522,101475,2017-10-08,59,2,7121,30,2730,81900,88139.204
3523,101477,2017-10-09,51,1,8121,25,2054,51350,55254.05
3524,101478,2017-10-09,11,2,5021,50,2479,123950,133394.25
3529,101484,2017-10-12,2,3,7121,10,2730,27300,29385.068
3530,101479,2017-10-12,73,1,7031,50,3363,168150,180931.65
3528,101481,2017-10-12,14,2,5022,30,1742,52260,56251.34
3525,101482,2017-10-12,19,2,7022,40,895,35800,38542.28
3526,101480,2017-10-12,56,2,6021,25,932,23300,25118.78
3527,101483,2017-10-12,58,2,7122,50,2785,139250,149818.23
3531,101486,2017-10-13,51,1,7123,35,4888,171080,184017.0
3532,101488,2017-10-13,51,1,7021,40,1643,65720,70710.76
3533,101485,2017-10-13,36,1,8121,20,2054,41080,44204.84
3534,101487,2017-10-13,40,1,8122,40,1761,70440,75805.368
3539,101493,2017-10-14,17,3,6121,20,1131,22620,24360.34
3535,101491,2017-10-14,24,3,8121,10,2054,20540,22106.42
3536,101490,2017-10-14,58,2,8121,35,2054,71890,77352.47
3537,101489,2017-10-14,71,1,8121,10,2054,20540,22106.42
3538,101492,2017-10-14,47,3,7022,10,895,8950,9641.57
3540,101494,2017-10-14,32,5,7122,40,2785,111400,119856.184
3547,101496,2017-10-15,71,1,7021,40,1643,65720,70710.76
3546,101500,2017-10-15,20,3,8121,45,2054,92430,99450.89
3548,101497,2017-10-15,25,1,8121,45,2054,92430,99450.89
3545,101498,2017-10-15,18,2,7121,15,2730,40950,44073.602
3542,101502,2017-10-15,46,5,6122,25,1104,27600,29711.6
3543,101499,2017-10-15,56,2,7123,30,4888,146640,157730.0
3544,101495,2017-10-15,36,1,5022,10,1742,17420,18755.78
3541,101501,2017-10-15,45,4,5022,15,1742,26130,28129.67
3549,101507,2017-10-16,54,2,7122,35,2785,97475,104875.161
3550,101504,2017-10-16,14,2,7122,15,2785,41775,44951.069
3551,101503,2017-10-16,71,1,8121,50,2054,102700,110500.1
3552,101508,2017-10-16,20,3,7121,20,2730,54600,58762.136
3553,101506,2017-10-16,54,2,7122,30,2785,83550,89894.138
3554,101509,2017-10-16,26,4,7021,50,1643,82150,88386.45
3555,101505,2017-10-16,27,2,8121,25,2054,51350,55254.05
3556,101510,2017-10-16,42,5,7122,35,2785,97475,104875.161
3557,101511,2017-10-18,17,3,6122,20,1104,22080,23770.88
3558,101512,2017-10-18,69,4,7031,35,3363,117705,126654.555
3560,101513,2017-10-20,14,2,8122,10,1761,17610,18957.342
3559,101514,2017-10-20,27,2,8121,15,2054,30810,33155.63
3561,101516,2017-10-21,48,2,6021,25,932,23300,25118.78
3562,101517,2017-10-21,67,2,5022,25,1742,43550,46877.45
3563,101515,2017-10-21,65,1,8121,20,2054,41080,44204.84
3564,101518,2017-10-21,6,2,7031,50,3363,168150,180931.65
3565,101519,2017-10-21,39,5,6122,15,1104,16560,17830.16
3566,101520,2017-10-21,28,5,7121,30,2730,81900,88139.204
3567,101521,2017-10-23,47,3,5022,35,1742,60970,65625.23
3568,101522,2017-10-23,41,5,6021,50,932,46600,50229.56
3569,101523,2017-10-24,66,2,7122,35,2785,97475,104875.161
3570,101524,2017-10-24,20,3,7022,20,895,17900,19275.14
3571,101525,2017-10-25,22,3,7123,25,4888,122200,131443.0
3572,101526,2017-10-25,49,4,8121,30,2054,61620,66303.26
3574,101528,2017-10-26,48,2,6021,45,932,41940,45207.404
3573,101527,2017-10-26,8,2,7121,40,2730,109200,117516.272
3577,101531,2017-10-27,72,3,7031,45,3363,151335,162839.285
3578,101530,2017-10-27,31,3,7031,45,3363,151335,162839.285
3575,101529,2017-10-27,20,3,7121,40,2730,109200,117516.272
3576,101532,2017-10-27,53,5,8122,40,1761,70440,75805.368
3579,101534,2017-10-28,72,3,7022,40,895,35800,38542.28
3580,101533,2017-10-28,56,2,8121,45,2054,92430,99450.89
3581,101535,2017-10-29,71,1,7122,35,2785,97475,104875.161
3582,101536,2017-10-29,6,2,5021,50,2479,123950,133394.25
3583,101538,2017-10-30,73,1,7022,30,895,26850,28908.71
3584,101537,2017-10-30,12,1,5021,30,2479,74370,80039.75
3585,101540,2017-10-30,10,3,7022,20,895,17900,19275.14
3586,101539,2017-10-30,55,3,7123,10,4888,48880,52582.0
3593,101546,2017-11-01,4,3,8121,45,2054,92430,99450.89
3592,101547,2017-11-01,49,4,6121,40,1131,45240,48712.68
3591,101544,2017-11-01,66,2,6122,20,1104,22080,23770.88
3594,101542,2017-11-01,1,2,8121,20,2054,41080,44204.84
3589,101548,2017-11-01,3,5,7021,35,1643,57505,61872.915
3588,101541,2017-11-01,19,2,7031,10,3363,33630,36192.73
3587,101545,2017-11-01,9,3,7122,40,2785,111400,119856.184
3590,101543,2017-11-01,66,2,6022,20,1699,33980,36570.1
3595,101549,2017-11-03,33,1,8121,15,2054,30810,33155.63
3596,101550,2017-11-03,8,2,7122,25,2785,69625,74913.115
3597,101551,2017-11-04,63,1,8121,35,2054,71890,77352.47
3598,101552,2017-11-04,31,3,8122,20,1761,35220,37906.684
3604,101557,2017-11-06,62,4,8121,15,2054,30810,33155.63
3603,101553,2017-11-06,48,2,7021,45,1643,73935,79548.605
3602,101555,2017-11-06,20,3,7022,35,895,31325,33725.495
3601,101556,2017-11-06,44,3,7123,50,4888,244400,262878.0
3599,101554,2017-11-06,10,3,8121,10,2054,20540,22106.42
3600,101558,2017-11-06,42,5,7022,40,895,35800,38542.28
3605,101562,2017-11-08,50,5,6022,45,1699,76455,82272.725
3606,101561,2017-11-08,3,5,6021,30,932,27960,30140.936
3607,101559,2017-11-08,66,2,7123,45,4888,219960,236591.0
3608,101560,2017-11-08,2,3,8122,10,1761,17610,18957.342
3615,101563,2017-11-09,29,1,6122,25,1104,27600,29711.6
3616,101566,2017-11-09,59,2,6121,50,1131,56550,60888.85
3613,101568,2017-11-09,22,3,7031,45,3363,151335,162839.285
3614,101565,2017-11-09,43,2,7022,45,895,40275,43359.065
3611,101569,2017-11-09,42,5,7022,40,895,35800,38542.28
3609,101567,2017-11-09,44,3,7122,30,2785,83550,89894.138
3612,101570,2017-11-09,16,5,7122,45,2785,125325,134837.207
3610,101564,2017-11-09,52,2,8121,20,2054,41080,44204.84
3617,101572,2017-11-10,36,1,8122,50,1761,88050,94754.71
3618,101576,2017-11-10,61,5,7022,20,895,17900,19275.14
3619,101573,2017-11-10,58,2,7123,15,4888,73320,78869.0
3620,101571,2017-11-10,33,1,7121,35,2730,95550,102827.738
3621,101574,2017-11-10,72,3,7022,20,895,17900,19275.14
3622,101575,2017-11-10,60,4,7021,35,1643,57505,61872.915
3625,101577,2017-11-11,25,1,6121,15,1131,16965,18272.255
3623,101578,2017-11-11,51,1,5021,25,2479,61975,66701.125
3624,101582,2017-11-11,61,5,7031,30,3363,100890,108562.19
3626,101579,2017-11-11,18,2,7021,50,1643,82150,88386.45
3627,101581,2017-11-11,17,3,7021,40,1643,65720,70710.76
3628,101580,2017-11-11,30,3,7031,10,3363,33630,36192.73
3630,101584,2017-11-13,58,2,7022,45,895,40275,43359.065
3629,101583,2017-11-13,63,1,7121,10,2730,27300,29385.068
3637,101585,2017-11-14,57,1,8121,30,2054,61620,66303.26
3639,101588,2017-11-14,48,2,7123,35,4888,171080,184017.0
3638,101591,2017-11-14,69,4,7123,40,4888,195520,210304.0
3640,101586,2017-11-14,1,2,7022,15,895,13425,14458.355
3636,101587,2017-11-14,19,2,6121,20,1131,22620,24360.34
3631,101589,2017-11-14,31,3,6121,20,1131,22620,24360.34
3634,101593,2017-11-14,46,5,7022,25,895,22375,24091.925
3633,101594,2017-11-14,32,5,7022,40,895,35800,38542.28
3632,101590,2017-11-14,24,3,7122,45,2785,125325,134837.207
3635,101592,2017-11-14,28,5,7031,15,3363,50445,54285.095
3641,101597,2017-11-15,44,3,7123,35,4888,171080,184017.0
3642,101595,2017-11-15,13,1,7021,30,1643,49290,53035.07
3643,101596,2017-11-15,33,1,8122,30,1761,52830,56856.026
3644,101598,2017-11-15,69,4,7123,30,4888,146640,157730.0
3649,101601,2017-11-16,48,2,7123,45,4888,219960,236591.0
3650,101602,2017-11-16,20,3,8121,20,2054,41080,44204.84
3648,101600,2017-11-16,27,2,7031,25,3363,84075,90469.825
3646,101603,2017-11-16,9,3,8121,40,2054,82160,88401.68
3647,101599,2017-11-16,35,2,7122,10,2785,27850,29970.046
3645,101604,2017-11-16,60,4,7122,10,2785,27850,29970.046
3651,101605,2017-11-17,52,2,7031,15,3363,50445,54285.095
3652,101609,2017-11-17,70,5,7022,20,895,17900,19275.14
3653,101611,2017-11-17,42,5,5022,25,1742,43550,46877.45
3654,101607,2017-11-17,18,2,7122,30,2785,83550,89894.138
3655,101608,2017-11-17,34,5,7123,20,4888,97760,105156.0
3657,101606,2017-11-17,1,2,6122,30,1104,33120,35652.32
3658,101610,2017-11-17,28,5,7123,25,4888,122200,131443.0
3656,101612,2017-11-17,39,5,7123,45,4888,219960,236591.0
3659,101616,2017-11-18,39,5,5021,30,2479,74370,80039.75
3660,101614,2017-11-18,52,2,5022,15,1742,26130,28129.67
3661,101613,2017-11-18,21,1,5021,50,2479,123950,133394.25
3662,101615,2017-11-18,1,2,7031,35,3363,117705,126654.555
3668,101621,2017-11-19,34,5,8121,45,2054,92430,99450.89
3666,101622,2017-11-19,61,5,7122,45,2785,125325,134837.207
3667,101618,2017-11-19,36,1,7123,15,4888,73320,78869.0
3665,101617,2017-11-19,13,1,6022,15,1699,25485,27429.575
3663,101620,2017-11-19,32,5,7022,45,895,40275,43359.065
3664,101619,2017-11-19,45,4,6121,15,1131,16965,18272.255
3669,101623,2017-11-21,19,2,8121,35,2054,71890,77352.47
3670,101624,2017-11-21,66,2,6121,35,1131,39585,42624.595
3676,101630,2017-11-22,61,5,7123,35,4888,171080,184017.0
3674,101626,2017-11-22,33,1,7122,25,2785,69625,74913.115
3675,101628,2017-11-22,37,2,8121,35,2054,71890,77352.47
3672,101627,2017-11-22,35,2,6022,10,1699,16990,18289.05
3671,101625,2017-11-22,29,1,6122,15,1104,16560,17830.16
3673,101629,2017-11-22,22,3,7022,20,895,17900,19275.14
3677,101631,2017-11-23,37,2,7021,15,1643,24645,26521.535
3678,101632,2017-11-23,58,2,5021,45,2479,111555,120055.625
3682,101633,2017-11-25,71,1,6021,45,932,41940,45207.404
3679,101636,2017-11-25,30,3,8122,45,1761,79245,85280.039
3680,101634,2017-11-25,4,3,7121,30,2730,81900,88139.204
3681,101635,2017-11-25,72,3,7031,30,3363,100890,108562.19
3685,101638,2017-11-26,2,3,7121,20,2730,54600,58762.136
3686,101637,2017-11-26,48,2,7021,20,1643,32860,35359.38
3683,101640,2017-11-26,39,5,7121,20,2730,54600,58762.136
3684,101639,2017-11-26,45,4,7123,35,4888,171080,184017.0
3687,101641,2017-11-27,18,2,7122,25,2785,69625,74913.115
3688,101642,2017-11-27,19,2,7021,30,1643,49290,53035.07
3689,101644,2017-11-30,8,2,7122,20,2785,55700,59932.092
3690,101643,2017-11-30,57,1,7121,40,2730,109200,117516.272
3691,101647,2017-11-30,34,5,8121,45,2054,92430,99450.89
3692,101646,2017-11-30,69,4,7122,40,2785,111400,119856.184
3693,101645,2017-11-30,22,3,6122,25,1104,27600,29711.6
3694,101648,2017-11-30,41,5,7031,45,3363,151335,162839.285
3695,101649,2017-12-01,35,2,7021,35,1643,57505,61872.915
3696,101650,2017-12-01,72,3,7022,45,895,40275,43359.065
3697,101654,2017-12-03,55,3,7022,20,895,17900,19275.14
3698,101652,2017-12-03,36,1,7022,45,895,40275,43359.065
3699,101653,2017-12-03,58,2,8121,45,2054,92430,99450.89
3700,101651,2017-12-03,73,1,8121,25,2054,51350,55254.05
3704,101655,2017-12-04,47,3,7122,10,2785,27850,29970.046
3703,101657,2017-12-04,45,4,6021,30,932,27960,30140.936
3702,101656,2017-12-04,31,3,7021,15,1643,24645,26521.535
3701,101658,2017-12-04,42,5,7021,30,1643,49290,53035.07
3705,101660,2017-12-05,37,2,7121,40,2730,109200,117516.272
3706,101659,2017-12-05,25,1,7123,25,4888,122200,131443.0
3707,101661,2017-12-05,47,3,7121,15,2730,40950,44073.602
3708,101662,2017-12-05,3,5,7031,45,3363,151335,162839.285
3709,101664,2017-12-06,1,2,8122,35,1761,61635,66330.697
3710,101663,2017-12-06,23,1,5022,40,1742,69680,74999.12
3711,101666,2017-12-07,30,3,7123,10,4888,48880,52582.0
3712,101668,2017-12-07,53,5,6021,20,932,18640,20096.624
3713,101667,2017-12-07,2,3,7122,45,2785,125325,134837.207
3714,101665,2017-12-07,11,2,8122,50,1761,88050,94754.71
3715,101669,2017-12-08,63,1,8122,30,1761,52830,56856.026
3716,101670,2017-12-08,58,2,7123,45,4888,219960,236591.0
3718,101674,2017-12-09,5,5,7122,25,2785,69625,74913.115
3720,101671,2017-12-09,12,1,8121,35,2054,71890,77352.47
3719,101673,2017-12-09,56,2,8121,25,2054,51350,55254.05
3717,101672,2017-12-09,13,1,8121,50,2054,102700,110500.1
3721,101676,2017-12-10,43,2,7123,35,4888,171080,184017.0
3722,101675,2017-12-10,73,1,6121,25,1131,28275,30448.425
3723,101678,2017-12-10,69,4,5022,40,1742,69680,74999.12
3724,101677,2017-12-10,54,2,5021,35,2479,86765,93378.375
3725,101679,2017-12-11,12,1,7031,20,3363,67260,72377.46
3726,101680,2017-12-11,59,2,7031,15,3363,50445,54285.095
3727,101682,2017-12-12,7,1,5021,45,2479,111555,120055.625
3728,101686,2017-12-12,69,4,7022,25,895,22375,24091.925
3729,101684,2017-12-12,15,2,8121,35,2054,71890,77352.47
3730,101685,2017-12-12,55,3,5022,40,1742,69680,74999.12
3731,101681,2017-12-12,38,1,8122,15,1761,26415,28432.013
3732,101683,2017-12-12,6,2,7123,35,4888,171080,184017.0
3738,101687,2017-12-13,57,1,7031,20,3363,67260,72377.46
3737,101689,2017-12-13,14,2,7021,35,1643,57505,61872.915
3736,101691,2017-12-13,31,3,7031,25,3363,84075,90469.825
3734,101692,2017-12-13,62,4,7031,20,3363,67260,72377.46
3733,101690,2017-12-13,9,3,7022,20,895,17900,19275.14
3735,101688,2017-12-13,12,1,7021,35,1643,57505,61872.915
3739,101695,2017-12-14,27,2,7122,45,2785,125325,134837.207
3740,101698,2017-12-14,32,5,8121,45,2054,92430,99450.89
3741,101694,2017-12-14,6,2,7122,25,2785,69625,74913.115
3742,101693,2017-12-14,71,1,6022,30,1699,50970,54851.15
3743,101696,2017-12-14,30,3,7121,25,2730,68250,73450.67
3744,101697,2017-12-14,28,5,8121,25,2054,51350,55254.05
3750,101702,2017-12-15,62,4,5022,20,1742,34840,37503.56
3749,101699,2017-12-15,33,1,8121,15,2054,30810,33155.63
3748,101703,2017-12-15,53,5,7031,20,3363,67260,72377.46
3745,101704,2017-12-15,64,5,7021,40,1643,65720,70710.76
3746,101700,2017-12-15,56,2,6022,25,1699,42475,45710.625
3747,101701,2017-12-15,22,3,7022,20,895,17900,19275.14
3751,101705,2017-12-17,24,3,7121,35,2730,95550,102827.738
3752,101706,2017-12-17,16,5,6122,15,1104,16560,17830.16
3758,101712,2017-12-18,64,5,7121,30,2730,81900,88139.204
3757,101708,2017-12-18,40,1,7123,30,4888,146640,157730.0
3756,101710,2017-12-18,58,2,7123,10,4888,48880,52582.0
3754,101711,2017-12-18,62,4,8121,35,2054,71890,77352.47
3753,101709,2017-12-18,38,1,6022,35,1699,59465,63991.675
3755,101707,2017-12-18,57,1,6121,25,1131,28275,30448.425
3759,101715,2017-12-19,17,3,7021,20,1643,32860,35359.38
3760,101716,2017-12-19,53,5,8121,35,2054,71890,77352.47
3761,101714,2017-12-19,37,2,7031,35,3363,117705,126654.555
3762,101713,2017-12-19,25,1,7123,20,4888,97760,105156.0
3763,101722,2017-12-21,39,5,8121,35,2054,71890,77352.47
3764,101717,2017-12-21,13,1,7122,30,2785,83550,89894.138
3765,101719,2017-12-21,14,2,7123,45,4888,219960,236591.0
3766,101718,2017-12-21,54,2,8122,15,1761,26415,28432.013
3767,101720,2017-12-21,35,2,8121,45,2054,92430,99450.89
3768,101721,2017-12-21,39,5,8121,30,2054,61620,66303.26
3776,101724,2017-12-22,36,1,7121,40,2730,109200,117516.272
3775,101728,2017-12-22,8,2,7122,35,2785,97475,104875.161
3773,101725,2017-12-22,35,2,7123,15,4888,73320,78869.0
3774,101726,2017-12-22,58,2,6122,15,1104,16560,17830.16
3771,101730,2017-12-22,32,5,7122,30,2785,83550,89894.138
3770,101727,2017-12-22,35,2,7123,30,4888,146640,157730.0
3769,101723,2017-12-22,40,1,8121,30,2054,61620,66303.26
3772,101729,2017-12-22,24,3,7031,15,3363,50445,54285.095
3777,101732,2017-12-23,42,5,7123,35,4888,171080,184017.0
3778,101731,2017-12-23,16,5,7123,35,4888,171080,184017.0
3784,101734,2017-12-24,15,2,7123,20,4888,97760,105156.0
3783,101736,2017-12-24,24,3,7031,50,3363,168150,180931.65
3782,101738,2017-12-24,70,5,7022,45,895,40275,43359.065
3780,101733,2017-12-24,40,1,6021,30,932,27960,30140.936
3779,101735,2017-12-24,31,3,7122,40,2785,111400,119856.184
3781,101737,2017-12-24,41,5,7121,15,2730,40950,44073.602
3785,101740,2017-12-26,41,5,6121,15,1131,16965,18272.255
3786,101739,2017-12-26,17,3,7122,35,2785,97475,104875.161
3787,101742,2017-12-26,50,5,7021,20,1643,32860,35359.38
3788,101741,2017-12-26,37,2,7021,20,1643,32860,35359.38
3796,101748,2017-12-27,46,5,6022,15,1699,25485,27429.575
3795,101750,2017-12-27,61,5,7031,20,3363,67260,72377.46
3794,101745,2017-12-27,18,2,8121,40,2054,82160,88401.68
3793,101747,2017-12-27,60,4,6121,30,1131,33930,36536.51
3791,101743,2017-12-27,15,2,7123,15,4888,73320,78869.0
3790,101744,2017-12-27,59,2,6021,15,932,13980,15074.468
3789,101749,2017-12-27,16,5,7021,20,1643,32860,35359.38
3792,101746,2017-12-27,17,3,6121,45,1131,50895,54800.765
3797,101752,2017-12-28,37,2,7022,20,895,17900,19275.14
3798,101751,2017-12-28,56,2,7031,10,3363,33630,36192.73
3808,101760,2017-12-29,42,5,7021,15,1643,24645,26521.535
3807,101754,2017-12-29,59,2,7123,20,4888,97760,105156.0
3806,101756,2017-12-29,15,2,7123,35,4888,171080,184017.0
3805,101759,2017-12-29,26,4,7121,10,2730,27300,29385.068
3804,101755,2017-12-29,42,5,7123,30,4888,146640,157730.0
3802,101757,2017-12-29,72,3,6122,10,1104,11040,11889.44
3801,101762,2017-12-29,61,5,6122,30,1104,33120,35652.32
3800,101761,2017-12-29,50,5,7121,20,2730,54600,58762.136
3799,101758,2017-12-29,4,3,6121,30,1131,33930,36536.51
3803,101753,2017-12-29,35,2,7123,15,4888,73320,78869.0
3816,101763,2017-12-30,51,1,7123,20,4888,97760,105156.0
3819,101767,2017-12-30,1,2,7121,30,2730,81900,88139.204
3820,101772,2017-12-30,34,5,5022,15,1742,26130,28129.67
3818,101770,2017-12-30,16,5,5021,45,2479,111555,120055.625
3817,101769,2017-12-30,24,3,8121,35,2054,71890,77352.47
3815,101765,2017-12-30,7,1,7121,50,2730,136500,146893.34
3810,101773,2017-12-30,61,5,6122,15,1104,16560,17830.16
3813,101766,2017-12-30,37,2,7022,15,895,13425,14458.355
3812,101774,2017-12-30,53,5,5021,50,2479,123950,133394.25
3811,101768,2017-12-30,11,2,7031,30,3363,100890,108562.19
3809,101771,2017-12-30,62,4,6121,15,1131,16965,18272.255
3814,101764,2017-12-30,57,1,7123,35,4888,171080,184017.0
3830,101778,2017-12-31,21,1,6021,45,932,41940,45207.404
3843,101793,2017-12-31,17,5,7123,15,4888,73320,78869.0
3842,101797,2017-12-31,16,5,7122,20,2785,55700,59932.092
3840,101798,2017-12-31,42,5,5021,25,2479,61975,66701.125
3832,101784,2017-12-31,32,5,7031,45,3363,151335,162839.285
3831,101777,2017-12-31,7,1,6121,45,1131,50895,54800.765
3829,101779,2017-12-31,58,2,7031,40,3363,134520,144746.92
3845,101796,2017-12-31,16,5,7123,15,4888,73320,78869.0
3827,101782,2017-12-31,4,3,8121,25,2054,51350,55254.05
3826,101781,2017-12-31,27,2,7123,50,4888,244400,262878.0
3825,101776,2017-12-31,63,1,6122,40,1104,44160,47533.76
3824,101775,2017-12-31,17,5,7123,20,4888,97760,105156.0
3823,101783,2017-12-31,26,4,6121,40,1131,45240,48712.68
3822,101780,2017-12-31,19,2,7123,45,4888,219960,236591.0
3821,101785,2017-12-31,46,5,7121,45,2730,122850,132204.806
3828,101786,2017-12-31,39,5,5022,50,1742,87100,93746.9
3846,101791,2017-12-31,42,5,7123,50,4888,244400,262878.0
